{
  "step": [
    1,
    400,
    800,
    1200,
    1600,
    2000,
    2400,
    2800,
    3200,
    3600,
    4000
  ],
  "train_mse": [
    32.10234451293945,
    31.639680862426758,
    14.664511680603027,
    14.100594520568848,
    13.927435874938965,
    11.664958953857422,
    8.833271980285645,
    8.184536933898926,
    8.002364158630371,
    7.974576473236084,
    7.965012073516846
  ],
  "test_mse": [
    32.11374282836914,
    32.48828887939453,
    15.038285255432129,
    14.453367233276367,
    14.32080364227295,
    12.053118705749512,
    9.139049530029297,
    8.474627494812012,
    8.290002822875977,
    8.256423950195312,
    8.247986793518066
  ],
  "device": "cuda",
  "lr": 0.001,
  "lr_basis": null,
  "lr_interaction": null,
  "batch": 512,
  "grad_clip": 10.0,
  "restore_best": true,
  "encoded_loss_weight": 0.0,
  "gauge_row_norm": null,
  "scale_range": null,
  "diag_loss_weight": 0.0,
  "diag_loss_kernels": 8,
  "encoded_mse": [
    null,
    null,
    null,
    null,
    null,
    null,
    null,
    null,
    null,
    null,
    null
  ],
  "diag_loss": [
    null,
    null,
    null,
    null,
    null,
    null,
    null,
    null,
    null,
    null,
    null
  ],
  "best_test_mse": 8.247986793518066,
  "elapsed_sec": 11.338623285293579,
  "final_train_mse": 7.965012073516846,
  "final_test_mse": 8.247986793518066
}