{
  "step": [
    1,
    500,
    1000
  ],
  "train_mse": [
    32.96821975708008,
    3.4737990972644184e-07,
    1.5502512468179575e-11
  ],
  "test_mse": [
    32.60163497924805,
    4.927250643049774e-07,
    1.710819680367237e-11
  ],
  "device": "cpu",
  "lr": 0.01,
  "batch": 256,
  "elapsed_sec": 14.4601571559906,
  "final_train_mse": 1.5502512468179575e-11,
  "final_test_mse": 1.710819680367237e-11
}