{
  "step": [
    1,
    400,
    800,
    1200,
    1600,
    2000,
    2400,
    2800,
    3200,
    3600,
    4000
  ],
  "train_mse": [
    36.122859954833984,
    3.1886489391326904,
    3.1886487007141113,
    3.1886489391326904,
    3.1886489391326904,
    3.1886489391326904,
    3.1886489391326904,
    3.1886494159698486,
    3.188650608062744,
    3.1886520385742188,
    3.188652753829956
  ],
  "test_mse": [
    32.938079833984375,
    0.01923852600157261,
    0.019238527864217758,
    0.019238518550992012,
    0.019238686189055443,
    0.019238309934735298,
    0.019238708540797234,
    0.019239559769630432,
    0.019241368398070335,
    0.01924579031765461,
    0.019234608858823776
  ],
  "device": "cuda",
  "lr": 0.01,
  "batch": null,
  "elapsed_sec": 5.153818607330322,
  "final_train_mse": 3.188652753829956,
  "final_test_mse": 0.019234608858823776
}