{
  "step": [
    1,
    400,
    800,
    1200,
    1600,
    2000,
    2400,
    2800,
    3200,
    3600,
    4000
  ],
  "train_mse": [
    64.91680145263672,
    31.898712158203125,
    31.898712158203125,
    31.898712158203125,
    31.898712158203125,
    31.89870834350586,
    31.898712158203125,
    31.89870834350586,
    31.898712158203125,
    31.898712158203125,
    31.898712158203125
  ],
  "test_mse": [
    32.94385528564453,
    0.19689129292964935,
    0.19689133763313293,
    0.1968913972377777,
    0.1968914270401001,
    0.1968916356563568,
    0.1968946009874344,
    0.19689291715621948,
    0.19689130783081055,
    0.196883425116539,
    0.19688144326210022
  ],
  "device": "cuda",
  "lr": 0.01,
  "batch": null,
  "elapsed_sec": 5.189111948013306,
  "final_train_mse": 31.898712158203125,
  "final_test_mse": 0.19688144326210022
}