{
  "step": [
    1,
    400,
    800,
    1200,
    1600,
    2000,
    2400,
    2800,
    3200,
    3600,
    4000
  ],
  "train_mse": [
    32.87967300415039,
    0.003173511940985918,
    0.0031734611839056015,
    0.003173461416736245,
    0.0031735028605908155,
    0.003173462115228176,
    0.003173484932631254,
    0.003173589240759611,
    0.0031742837745696306,
    0.0031749431509524584,
    0.0031770847272127867
  ],
  "test_mse": [
    32.93765640258789,
    2.0917093934258446e-05,
    2.0820039935642853e-05,
    2.081977618217934e-05,
    2.091355599986855e-05,
    2.0813469745917246e-05,
    2.086647873511538e-05,
    2.1049318092991598e-05,
    2.157992457796354e-05,
    2.235466854472179e-05,
    2.4204764486057684e-05
  ],
  "device": "cuda",
  "lr": 0.01,
  "batch": null,
  "elapsed_sec": 5.175731182098389,
  "final_train_mse": 0.0031770847272127867,
  "final_test_mse": 2.4204764486057684e-05
}