{
  "step": [
    1,
    400,
    800,
    1200,
    1600,
    2000,
    2400,
    2800,
    3200,
    3600,
    4000
  ],
  "train_mse": [
    33.193641662597656,
    0.3181706368923187,
    0.3181702196598053,
    0.3181702196598053,
    0.3181702196598053,
    0.3181702196598053,
    0.31817054748535156,
    0.31817033886909485,
    0.31817108392715454,
    0.31817230582237244,
    0.31817328929901123
  ],
  "test_mse": [
    32.93951416015625,
    0.0020468812435865402,
    0.0020475112833082676,
    0.002047499641776085,
    0.0020475026685744524,
    0.0020475126802921295,
    0.0020487648434937,
    0.0020473876502364874,
    0.002051181858405471,
    0.0020500931423157454,
    0.0020516410004347563
  ],
  "device": "cuda",
  "lr": 0.01,
  "batch": null,
  "elapsed_sec": 4.768640518188477,
  "final_train_mse": 0.31817328929901123,
  "final_test_mse": 0.0020516410004347563
}