{
  "strategy": "diag_regularized_basis_then_frozen_interaction",
  "device": "cuda",
  "batch": 512,
  "config": {
    "phase1_steps": 15000,
    "phase2_steps": 40000,
    "phase3_steps": 10000,
    "diag_loss_weight": 20.0,
    "diag_loss_kernels": 16,
    "gauge_row_norm": 1.0
  },
  "phases": {
    "basis": {
      "step": [
        1,
        5000,
        10000,
        15000
      ],
      "train_mse": [
        32.078147888183594,
        0.011738804168999195,
        0.006631452590227127,
        0.004845398012548685
      ],
      "test_mse": [
        32.080055236816406,
        0.010996348224580288,
        0.005227099638432264,
        0.003212935524061322
      ],
      "device": "cuda",
      "lr": 0.001,
      "lr_basis": null,
      "lr_interaction": null,
      "batch": 512,
      "grad_clip": null,
      "restore_best": true,
      "encoded_loss_weight": 0.0,
      "gauge_row_norm": 1.0,
      "scale_range": null,
      "diag_loss_weight": 20.0,
      "diag_loss_kernels": 16,
      "encoded_mse": [
        null,
        null,
        null,
        null
      ],
      "diag_loss": [
        0.9681382179260254,
        8.464605343760923e-06,
        8.981496648630127e-06,
        6.3435691117774695e-06
      ],
      "best_test_mse": 0.003212935524061322,
      "elapsed_sec": 60.19201922416687,
      "final_train_mse": 0.004845398012548685,
      "final_test_mse": 0.003212935524061322
    },
    "interaction": {
      "step": [
        1,
        10000,
        20000,
        30000,
        40000
      ],
      "train_mse": [
        3.0275566577911377,
        0.006376265082508326,
        0.005671821068972349,
        0.00416090851649642,
        0.009379171766340733
      ],
      "test_mse": [
        3.036508560180664,
        0.004559030756354332,
        0.0037665264680981636,
        0.0021405532024800777,
        0.007264852058142424
      ],
      "device": "cuda",
      "lr": 0.001,
      "lr_basis": null,
      "lr_interaction": null,
      "batch": 512,
      "grad_clip": null,
      "restore_best": true,
      "encoded_loss_weight": 0.0,
      "gauge_row_norm": 1.0,
      "scale_range": null,
      "diag_loss_weight": 0.0,
      "diag_loss_kernels": 8,
      "encoded_mse": [
        null,
        null,
        null,
        null,
        null
      ],
      "diag_loss": [
        null,
        null,
        null,
        null,
        null
      ],
      "best_test_mse": 0.0021405532024800777,
      "elapsed_sec": 79.8941068649292,
      "final_train_mse": 0.00416090851649642,
      "final_test_mse": 0.0021405532024800777
    },
    "interaction_finetune": {
      "step": [
        1,
        5000,
        10000
      ],
      "train_mse": [
        0.16516660153865814,
        0.0038631262723356485,
        0.0037417395506054163
      ],
      "test_mse": [
        0.16300125420093536,
        0.0017571593634784222,
        0.0015787611482664943
      ],
      "device": "cuda",
      "lr": 0.0003,
      "lr_basis": null,
      "lr_interaction": null,
      "batch": 512,
      "grad_clip": null,
      "restore_best": true,
      "encoded_loss_weight": 0.0,
      "gauge_row_norm": 1.0,
      "scale_range": null,
      "diag_loss_weight": 0.0,
      "diag_loss_kernels": 8,
      "encoded_mse": [
        null,
        null,
        null
      ],
      "diag_loss": [
        null,
        null,
        null
      ],
      "best_test_mse": 0.0015787611482664943,
      "elapsed_sec": 19.724518060684204,
      "final_train_mse": 0.0037417395506054163,
      "final_test_mse": 0.0015787611482664943
    }
  },
  "elapsed_sec": 159.81064414978027,
  "final_train_mse": 0.0037417395506054163,
  "final_test_mse": 0.0015787611482664943,
  "step": [
    1,
    5000,
    10000,
    15000,
    15001,
    25000,
    35000,
    45000,
    55000,
    55001,
    60000,
    65000
  ],
  "train_mse": [
    32.078147888183594,
    0.011738804168999195,
    0.006631452590227127,
    0.004845398012548685,
    3.0275566577911377,
    0.006376265082508326,
    0.005671821068972349,
    0.00416090851649642,
    0.009379171766340733,
    0.16516660153865814,
    0.0038631262723356485,
    0.0037417395506054163
  ],
  "test_mse": [
    32.080055236816406,
    0.010996348224580288,
    0.005227099638432264,
    0.003212935524061322,
    3.036508560180664,
    0.004559030756354332,
    0.0037665264680981636,
    0.0021405532024800777,
    0.007264852058142424,
    0.16300125420093536,
    0.0017571593634784222,
    0.0015787611482664943
  ]
}