{
  "step": [
    1,
    400,
    800,
    1200,
    1600,
    2000,
    2400,
    2800,
    3200,
    3600,
    4000
  ],
  "train_mse": [
    32.90386199951172,
    0.03171522542834282,
    0.03171522170305252,
    0.03171522542834282,
    0.03171522542834282,
    0.03171524032950401,
    0.03171529248356819,
    0.031715769320726395,
    0.031715843826532364,
    0.031716227531433105,
    0.03172091767191887
  ],
  "test_mse": [
    32.937164306640625,
    0.0002069336624117568,
    0.00020693363330792636,
    0.00020693051919806749,
    0.000206928831175901,
    0.0002070266054943204,
    0.00020700534514617175,
    0.00020719402527902275,
    0.00020710480748675764,
    0.00020751847478095442,
    0.00021299866784829646
  ],
  "device": "cuda",
  "lr": 0.01,
  "batch": null,
  "elapsed_sec": 4.797276973724365,
  "final_train_mse": 0.03172091767191887,
  "final_test_mse": 0.00021299866784829646
}