{
  "step": [
    1,
    25,
    50,
    75,
    100,
    125,
    150,
    175,
    200,
    225,
    250
  ],
  "train_mse": [
    16.397544860839844,
    13.861895561218262,
    12.153996467590332,
    10.810563087463379,
    8.87933349609375,
    6.001529693603516,
    3.3240244388580322,
    1.5006663799285889,
    0.5883159637451172,
    0.18996062874794006,
    0.06535007059574127
  ],
  "test_mse": [
    16.062612533569336,
    14.947657585144043,
    13.986063003540039,
    12.682955741882324,
    10.39352798461914,
    6.878722667694092,
    3.9742343425750732,
    1.8420881032943726,
    0.717646062374115,
    0.23533686995506287,
    0.07400941848754883
  ],
  "device": "cpu",
  "lr": 0.01,
  "batch": 128,
  "elapsed_sec": 0.33943676948547363,
  "final_train_mse": 0.06535007059574127,
  "final_test_mse": 0.07400941848754883
}