{
  "step": [
    1,
    25,
    50,
    75,
    100,
    125,
    150,
    175,
    200,
    225,
    250
  ],
  "train_mse": [
    16.198373794555664,
    13.689453125,
    11.648917198181152,
    9.00499439239502,
    5.867246150970459,
    3.1569204330444336,
    1.4369961023330688,
    0.5896037817001343,
    0.1667173206806183,
    0.035608816891908646,
    0.007658425718545914
  ],
  "test_mse": [
    16.145212173461914,
    14.807289123535156,
    13.287169456481934,
    10.345962524414062,
    6.890743732452393,
    3.8028039932250977,
    1.7727539539337158,
    0.7466160655021667,
    0.21047534048557281,
    0.04463702440261841,
    0.009811930358409882
  ],
  "device": "cpu",
  "lr": 0.01,
  "batch": 128,
  "elapsed_sec": 0.3683784008026123,
  "final_train_mse": 0.007658425718545914,
  "final_test_mse": 0.009811930358409882
}