{
  "strategy": "diag_regularized_basis_then_frozen_interaction",
  "device": "cuda",
  "batch": 512,
  "config": {
    "phase1_steps": 15000,
    "phase2_steps": 40000,
    "phase3_steps": 10000,
    "diag_loss_weight": 20.0,
    "diag_loss_kernels": 16,
    "gauge_row_norm": 1.0
  },
  "phases": {
    "basis": {
      "step": [
        1,
        5000,
        10000,
        15000
      ],
      "train_mse": [
        32.16761779785156,
        0.009527255780994892,
        0.0032791481353342533,
        0.005786775145679712
      ],
      "test_mse": [
        31.915040969848633,
        0.006640919018536806,
        0.0019777235575020313,
        0.005205066874623299
      ],
      "device": "cuda",
      "lr": 0.001,
      "lr_basis": null,
      "lr_interaction": null,
      "batch": 512,
      "grad_clip": null,
      "restore_best": true,
      "encoded_loss_weight": 0.0,
      "gauge_row_norm": 1.0,
      "scale_range": null,
      "diag_loss_weight": 20.0,
      "diag_loss_kernels": 16,
      "encoded_mse": [
        null,
        null,
        null,
        null
      ],
      "diag_loss": [
        0.9631378054618835,
        1.9881288608303294e-05,
        1.0496344657440204e-05,
        6.642291737080086e-06
      ],
      "best_test_mse": 0.0019777235575020313,
      "elapsed_sec": 60.29295253753662,
      "final_train_mse": 0.0032791481353342533,
      "final_test_mse": 0.0019777235575020313
    },
    "interaction": {
      "step": [
        1,
        10000,
        20000,
        30000,
        40000
      ],
      "train_mse": [
        6.1212382316589355,
        0.007058982737362385,
        0.0017201736336573958,
        0.0009918842697516084,
        0.0014115932863205671
      ],
      "test_mse": [
        6.110867023468018,
        0.006739876698702574,
        0.0016799935838207603,
        0.001071181963197887,
        0.0015433175722137094
      ],
      "device": "cuda",
      "lr": 0.001,
      "lr_basis": null,
      "lr_interaction": null,
      "batch": 512,
      "grad_clip": null,
      "restore_best": true,
      "encoded_loss_weight": 0.0,
      "gauge_row_norm": 1.0,
      "scale_range": null,
      "diag_loss_weight": 0.0,
      "diag_loss_kernels": 8,
      "encoded_mse": [
        null,
        null,
        null,
        null,
        null
      ],
      "diag_loss": [
        null,
        null,
        null,
        null,
        null
      ],
      "best_test_mse": 0.001071181963197887,
      "elapsed_sec": 83.23252749443054,
      "final_train_mse": 0.0009918842697516084,
      "final_test_mse": 0.001071181963197887
    },
    "interaction_finetune": {
      "step": [
        1,
        5000,
        10000
      ],
      "train_mse": [
        0.17885318398475647,
        0.0009441747679375112,
        0.0010718009434640408
      ],
      "test_mse": [
        0.17865172028541565,
        0.00102223118301481,
        0.001146474271081388
      ],
      "device": "cuda",
      "lr": 0.0003,
      "lr_basis": null,
      "lr_interaction": null,
      "batch": 512,
      "grad_clip": null,
      "restore_best": true,
      "encoded_loss_weight": 0.0,
      "gauge_row_norm": 1.0,
      "scale_range": null,
      "diag_loss_weight": 0.0,
      "diag_loss_kernels": 8,
      "encoded_mse": [
        null,
        null,
        null
      ],
      "diag_loss": [
        null,
        null,
        null
      ],
      "best_test_mse": 0.00102223118301481,
      "elapsed_sec": 20.28807020187378,
      "final_train_mse": 0.0009441747679375112,
      "final_test_mse": 0.00102223118301481
    }
  },
  "elapsed_sec": 163.81355023384094,
  "final_train_mse": 0.0009441747679375112,
  "final_test_mse": 0.00102223118301481,
  "step": [
    1,
    5000,
    10000,
    15000,
    15001,
    25000,
    35000,
    45000,
    55000,
    55001,
    60000,
    65000
  ],
  "train_mse": [
    32.16761779785156,
    0.009527255780994892,
    0.0032791481353342533,
    0.005786775145679712,
    6.1212382316589355,
    0.007058982737362385,
    0.0017201736336573958,
    0.0009918842697516084,
    0.0014115932863205671,
    0.17885318398475647,
    0.0009441747679375112,
    0.0010718009434640408
  ],
  "test_mse": [
    31.915040969848633,
    0.006640919018536806,
    0.0019777235575020313,
    0.005205066874623299,
    6.110867023468018,
    0.006739876698702574,
    0.0016799935838207603,
    0.001071181963197887,
    0.0015433175722137094,
    0.17865172028541565,
    0.00102223118301481,
    0.001146474271081388
  ]
}