{
  "step": [
    1,
    400,
    800,
    1200,
    1600,
    2000,
    2400,
    2800,
    3200,
    3600,
    4000
  ],
  "train_mse": [
    32.89461135864258,
    3.0064055689393854e-09,
    1.0804222967675248e-11,
    1.0796125278489388e-11,
    1.1262944570045175e-11,
    1.079438274875777e-11,
    1.0875972865365124e-11,
    1.0617375902077786e-11,
    1.1084399891003738e-11,
    1.252952255836881e-11,
    5.551297199701821e-09
  ],
  "test_mse": [
    32.94065856933594,
    3.034781537181175e-09,
    1.0913432484105368e-11,
    1.0975686505487747e-11,
    1.1210054585986118e-11,
    1.0868817998388458e-11,
    1.0982533459047428e-11,
    1.081694196020111e-11,
    1.1030409224899174e-11,
    1.2484233265219746e-11,
    5.811699566038442e-09
  ],
  "device": "cuda",
  "lr": 0.01,
  "batch": null,
  "elapsed_sec": 4.91582465171814,
  "final_train_mse": 5.551297199701821e-09,
  "final_test_mse": 5.811699566038442e-09
}