{
  "step": [
    1,
    400,
    800,
    1200,
    1600,
    2000,
    2400,
    2800,
    3200,
    3600,
    4000
  ],
  "train_mse": [
    32.86765670776367,
    2.096279331453843e-06,
    1.9499147088652968e-11,
    9.71800279137014e-11,
    5.607977415778009e-10,
    1.8913816290933028e-08,
    2.2610512573351116e-08,
    1.4984803442530392e-07,
    5.698029212908295e-07,
    7.932182484182704e-07,
    2.511020966267097e-06
  ],
  "test_mse": [
    32.937625885009766,
    2.311286380063393e-06,
    1.931001712696112e-11,
    9.115033727802313e-11,
    5.437806316344052e-10,
    1.833234719583743e-08,
    2.287336364759085e-08,
    1.4424946925828408e-07,
    5.488522560881393e-07,
    7.744791332697787e-07,
    2.4105290776788024e-06
  ],
  "device": "cuda",
  "lr": 0.01,
  "batch": null,
  "elapsed_sec": 4.899994611740112,
  "final_train_mse": 2.511020966267097e-06,
  "final_test_mse": 2.4105290776788024e-06
}