{
  "step": [
    1,
    25,
    50,
    75,
    100,
    125,
    150,
    175,
    200,
    225,
    250
  ],
  "train_mse": [
    16.388376235961914,
    13.8639497756958,
    11.503108978271484,
    8.184444427490234,
    5.767263412475586,
    3.935378074645996,
    2.669151544570923,
    1.8424540758132935,
    1.2969202995300293,
    0.9515277147293091,
    0.741838812828064
  ],
  "test_mse": [
    16.042640686035156,
    14.476458549499512,
    12.666241645812988,
    9.312989234924316,
    6.696507453918457,
    4.742072105407715,
    3.321960687637329,
    2.3735032081604004,
    1.7560003995895386,
    1.3718663454055786,
    1.1081945896148682
  ],
  "device": "cpu",
  "lr": 0.01,
  "batch": 128,
  "elapsed_sec": 0.3161783218383789,
  "final_train_mse": 0.741838812828064,
  "final_test_mse": 1.1081945896148682
}