{
  "step": [
    1,
    25,
    50,
    75,
    100,
    125,
    150,
    175,
    200,
    225,
    250
  ],
  "train_mse": [
    16.40131378173828,
    13.914212226867676,
    12.014669418334961,
    9.701038360595703,
    6.916125297546387,
    4.49715518951416,
    2.8694241046905518,
    1.6119277477264404,
    0.8430167436599731,
    0.3995307683944702,
    0.129092738032341
  ],
  "test_mse": [
    16.067577362060547,
    14.865839004516602,
    13.742756843566895,
    11.398357391357422,
    8.187670707702637,
    5.280068397521973,
    3.3073973655700684,
    1.879284143447876,
    0.9828946590423584,
    0.4631403684616089,
    0.1574975550174713
  ],
  "device": "cpu",
  "lr": 0.01,
  "batch": 128,
  "elapsed_sec": 0.3146665096282959,
  "final_train_mse": 0.129092738032341,
  "final_test_mse": 0.1574975550174713
}