{
  "step": [
    1,
    400,
    800,
    1200,
    1600,
    2000,
    2400,
    2800,
    3200,
    3600,
    4000
  ],
  "train_mse": [
    32.96471405029297,
    2.2540251887193108e-09,
    2.5722459717769652e-09,
    1.9884650370727286e-08,
    7.126340628715866e-10,
    3.3139503585744023e-08,
    2.142854640396763e-07,
    1.2604456856024626e-07,
    1.0871087852137862e-06,
    1.5879844568189583e-06,
    1.8394443941360805e-06
  ],
  "test_mse": [
    32.60536193847656,
    2.3032784568499665e-09,
    2.6532538388579496e-09,
    2.0466259798013198e-08,
    7.250704481265302e-10,
    3.415480520629899e-08,
    2.157711520567318e-07,
    1.213460052440496e-07,
    1.0937396837107372e-06,
    1.5514279994022218e-06,
    1.8122494793715305e-06
  ],
  "device": "cuda",
  "lr": 0.01,
  "batch": null,
  "elapsed_sec": 4.893508434295654,
  "final_train_mse": 1.8394443941360805e-06,
  "final_test_mse": 1.8122494793715305e-06
}