{
  "step": [
    1,
    400,
    800,
    1200,
    1600,
    2000,
    2400,
    2800,
    3200,
    3600,
    4000
  ],
  "train_mse": [
    64.39351654052734,
    3.614789534367446e-08,
    1.3372912499587386e-10,
    1.7216723879887041e-10,
    2.0708670889213465e-10,
    5.246356593602286e-08,
    4.476350738968904e-07,
    6.27244844508823e-07,
    2.3490308649343206e-06,
    5.051536390965339e-06,
    1.8921988157671876e-05
  ],
  "test_mse": [
    65.12066650390625,
    4.1075544743307546e-08,
    1.3501930129500295e-10,
    1.7184799416813945e-10,
    2.0674142953147623e-10,
    5.203837361023034e-08,
    4.445394665708591e-07,
    6.191640977704083e-07,
    2.282009518239647e-06,
    4.833821549254935e-06,
    1.7792910512071103e-05
  ],
  "device": "cuda",
  "lr": 0.01,
  "batch": null,
  "elapsed_sec": 5.435658693313599,
  "final_train_mse": 1.8921988157671876e-05,
  "final_test_mse": 1.7792910512071103e-05
}