{
  "step": [
    1,
    400,
    800,
    1200,
    1600,
    2000,
    2400,
    2800,
    3200,
    3600,
    4000
  ],
  "train_mse": [
    16.757356643676758,
    7.662182520407068e-12,
    1.6041462602700562e-10,
    5.273773417968641e-09,
    8.015349273193806e-09,
    1.189924603295367e-09,
    2.6311284262448e-09,
    7.689201453331407e-08,
    4.946154064100483e-08,
    1.5284240362234414e-06,
    1.6261785162896558e-07
  ],
  "test_mse": [
    16.85043716430664,
    7.957582509598993e-12,
    1.562449059022697e-10,
    5.143552250785888e-09,
    7.883307340250667e-09,
    1.1855211257127962e-09,
    2.6231177230329195e-09,
    7.645581234783094e-08,
    4.861380276111049e-08,
    1.5098735275387298e-06,
    1.6489984488998743e-07
  ],
  "device": "cuda",
  "lr": 0.01,
  "batch": null,
  "elapsed_sec": 4.774062156677246,
  "final_train_mse": 1.6261785162896558e-07,
  "final_test_mse": 1.6489984488998743e-07
}