{
  "step": [
    1,
    400,
    800,
    1200,
    1600,
    2000,
    2400,
    2800,
    3200,
    3600,
    4000
  ],
  "train_mse": [
    32.06708526611328,
    8.416287422180176,
    1.6159409284591675,
    0.9187122583389282,
    0.6081503629684448,
    0.4551137685775757,
    0.35926902294158936,
    0.2967279255390167,
    0.2570582330226898,
    0.22501203417778015,
    0.2075847089290619
  ],
  "test_mse": [
    32.07720184326172,
    8.99254035949707,
    1.798539400100708,
    1.044471025466919,
    0.7036885023117065,
    0.5327672362327576,
    0.42464032769203186,
    0.35567837953567505,
    0.30635952949523926,
    0.2693920433521271,
    0.24956397712230682
  ],
  "device": "cuda",
  "lr": 0.001,
  "lr_basis": null,
  "lr_interaction": null,
  "batch": 512,
  "grad_clip": 10.0,
  "restore_best": true,
  "encoded_loss_weight": 0.0,
  "gauge_row_norm": null,
  "scale_range": null,
  "diag_loss_weight": 0.0,
  "diag_loss_kernels": 8,
  "encoded_mse": [
    null,
    null,
    null,
    null,
    null,
    null,
    null,
    null,
    null,
    null,
    null
  ],
  "diag_loss": [
    null,
    null,
    null,
    null,
    null,
    null,
    null,
    null,
    null,
    null,
    null
  ],
  "best_test_mse": 0.24956397712230682,
  "elapsed_sec": 5.266493082046509,
  "final_train_mse": 0.2075847089290619,
  "final_test_mse": 0.24956397712230682
}