{
  "step": [
    1,
    400,
    800,
    1200,
    1600,
    2000,
    2400,
    2800,
    3200,
    3600,
    4000
  ],
  "train_mse": [
    32.06876754760742,
    22.577037811279297,
    8.867358207702637,
    6.060576438903809,
    5.781972408294678,
    5.589286804199219,
    5.549798488616943,
    4.989295959472656,
    4.9684576988220215,
    4.956141948699951,
    3.9768123626708984
  ],
  "test_mse": [
    32.0781364440918,
    23.11893081665039,
    9.142074584960938,
    6.367228984832764,
    6.049937725067139,
    5.842644691467285,
    5.781922817230225,
    5.219837665557861,
    5.185453414916992,
    5.174325942993164,
    4.179352760314941
  ],
  "device": "cuda",
  "lr": 0.001,
  "lr_basis": null,
  "lr_interaction": null,
  "batch": 512,
  "grad_clip": 10.0,
  "restore_best": true,
  "encoded_loss_weight": 0.0,
  "gauge_row_norm": null,
  "scale_range": null,
  "diag_loss_weight": 0.0,
  "diag_loss_kernels": 8,
  "encoded_mse": [
    null,
    null,
    null,
    null,
    null,
    null,
    null,
    null,
    null,
    null,
    null
  ],
  "diag_loss": [
    null,
    null,
    null,
    null,
    null,
    null,
    null,
    null,
    null,
    null,
    null
  ],
  "best_test_mse": 4.179352760314941,
  "elapsed_sec": 11.248157262802124,
  "final_train_mse": 3.9768123626708984,
  "final_test_mse": 4.179352760314941
}