{
  "strategy": "task_loss_basis_then_frozen_interaction",
  "use_diag_loss": false,
  "device": "cuda",
  "batch": 512,
  "config": {
    "phase1_steps": 15000,
    "phase2_steps": 40000,
    "phase3_steps": 10000,
    "diag_loss_weight": 0.0,
    "diag_loss_kernels": 16,
    "gauge_row_norm": 1.0
  },
  "phases": {
    "basis": {
      "step": [
        1,
        5000,
        10000,
        15000
      ],
      "train_mse": [
        32.078948974609375,
        1.6590265035629272,
        1.632960319519043,
        1.6322752237319946
      ],
      "test_mse": [
        32.08440017700195,
        1.677504539489746,
        1.6643890142440796,
        1.673408031463623
      ],
      "device": "cuda",
      "lr": 0.001,
      "lr_basis": null,
      "lr_interaction": null,
      "batch": 512,
      "grad_clip": null,
      "restore_best": true,
      "encoded_loss_weight": 0.0,
      "gauge_row_norm": 1.0,
      "scale_range": null,
      "diag_loss_weight": 0.0,
      "diag_loss_kernels": 16,
      "encoded_mse": [
        null,
        null,
        null,
        null
      ],
      "diag_loss": [
        null,
        null,
        null,
        null
      ],
      "best_test_mse": 1.6643890142440796,
      "elapsed_sec": 40.100303173065186,
      "final_train_mse": 1.632960319519043,
      "final_test_mse": 1.6643890142440796
    },
    "interaction": {
      "step": [
        1,
        10000,
        20000,
        30000,
        40000
      ],
      "train_mse": [
        17.016525268554688,
        1.6420812606811523,
        1.6223373413085938,
        1.6323423385620117,
        1.622499704360962
      ],
      "test_mse": [
        17.02077293395996,
        1.6747175455093384,
        1.653846025466919,
        1.6638576984405518,
        1.6527504920959473
      ],
      "device": "cuda",
      "lr": 0.001,
      "lr_basis": null,
      "lr_interaction": null,
      "batch": 512,
      "grad_clip": null,
      "restore_best": true,
      "encoded_loss_weight": 0.0,
      "gauge_row_norm": 1.0,
      "scale_range": null,
      "diag_loss_weight": 0.0,
      "diag_loss_kernels": 8,
      "encoded_mse": [
        null,
        null,
        null,
        null,
        null
      ],
      "diag_loss": [
        null,
        null,
        null,
        null,
        null
      ],
      "best_test_mse": 1.6527504920959473,
      "elapsed_sec": 90.07145977020264,
      "final_train_mse": 1.622499704360962,
      "final_test_mse": 1.6527504920959473
    },
    "interaction_finetune": {
      "step": [
        1,
        5000,
        10000
      ],
      "train_mse": [
        2.0350289344787598,
        1.614465594291687,
        1.6110385656356812
      ],
      "test_mse": [
        2.0635175704956055,
        1.645782470703125,
        1.6424140930175781
      ],
      "device": "cuda",
      "lr": 0.0003,
      "lr_basis": null,
      "lr_interaction": null,
      "batch": 512,
      "grad_clip": null,
      "restore_best": true,
      "encoded_loss_weight": 0.0,
      "gauge_row_norm": 1.0,
      "scale_range": null,
      "diag_loss_weight": 0.0,
      "diag_loss_kernels": 8,
      "encoded_mse": [
        null,
        null,
        null
      ],
      "diag_loss": [
        null,
        null,
        null
      ],
      "best_test_mse": 1.6424140930175781,
      "elapsed_sec": 23.603631258010864,
      "final_train_mse": 1.6110385656356812,
      "final_test_mse": 1.6424140930175781
    }
  },
  "elapsed_sec": 153.7753942012787,
  "final_train_mse": 1.6110385656356812,
  "final_test_mse": 1.6424140930175781,
  "step": [
    1,
    5000,
    10000,
    15000,
    15001,
    25000,
    35000,
    45000,
    55000,
    55001,
    60000,
    65000
  ],
  "train_mse": [
    32.078948974609375,
    1.6590265035629272,
    1.632960319519043,
    1.6322752237319946,
    17.016525268554688,
    1.6420812606811523,
    1.6223373413085938,
    1.6323423385620117,
    1.622499704360962,
    2.0350289344787598,
    1.614465594291687,
    1.6110385656356812
  ],
  "test_mse": [
    32.08440017700195,
    1.677504539489746,
    1.6643890142440796,
    1.673408031463623,
    17.02077293395996,
    1.6747175455093384,
    1.653846025466919,
    1.6638576984405518,
    1.6527504920959473,
    2.0635175704956055,
    1.645782470703125,
    1.6424140930175781
  ]
}