{
  "step": [
    1,
    400,
    800,
    1200,
    1600,
    2000,
    2400,
    2800,
    3200,
    3600,
    4000
  ],
  "train_mse": [
    31.631986618041992,
    0.05383719503879547,
    0.041833098977804184,
    0.03435680270195007,
    0.04629748314619064,
    0.03777915611863136,
    0.042709436267614365,
    0.04186316952109337,
    0.037570904940366745,
    0.04366132616996765,
    0.07184787094593048
  ],
  "test_mse": [
    31.743846893310547,
    0.052977997809648514,
    0.0414382666349411,
    0.034435711801052094,
    0.04566141217947006,
    0.036967530846595764,
    0.04207479953765869,
    0.041812337934970856,
    0.03671829402446747,
    0.043118417263031006,
    0.07013829797506332
  ],
  "device": "cuda",
  "lr": 0.01,
  "lr_basis": null,
  "lr_interaction": null,
  "batch": 512,
  "grad_clip": 10.0,
  "restore_best": true,
  "encoded_loss_weight": 0.0,
  "gauge_row_norm": null,
  "scale_range": null,
  "mse_loss_weight": 1.0,
  "diag_loss_weight": 0.0,
  "diag_loss_kernels": 8,
  "encoded_mse": [
    null,
    null,
    null,
    null,
    null,
    null,
    null,
    null,
    null,
    null,
    null
  ],
  "diag_loss": [
    null,
    null,
    null,
    null,
    null,
    null,
    null,
    null,
    null,
    null,
    null
  ],
  "best_test_mse": 0.034435711801052094,
  "elapsed_sec": 3.8757975101470947,
  "final_train_mse": 0.03435680270195007,
  "final_test_mse": 0.034435711801052094
}