{
  "step": [
    1,
    400,
    800,
    1200,
    1600,
    2000,
    2400,
    2800,
    3200,
    3600,
    4000
  ],
  "train_mse": [
    32.066646575927734,
    8.413830757141113,
    1.573421597480774,
    0.9065593481063843,
    0.6008901596069336,
    0.4502025246620178,
    0.35345983505249023,
    0.2947670817375183,
    0.2612851858139038,
    0.22038009762763977,
    0.20738641917705536
  ],
  "test_mse": [
    32.07705307006836,
    8.959481239318848,
    1.7470630407333374,
    1.0364705324172974,
    0.697348415851593,
    0.5292477011680603,
    0.42022863030433655,
    0.352044939994812,
    0.31164446473121643,
    0.26522010564804077,
    0.2489495426416397
  ],
  "device": "cuda",
  "lr": 0.001,
  "lr_basis": null,
  "lr_interaction": null,
  "batch": 512,
  "grad_clip": 10.0,
  "restore_best": true,
  "encoded_loss_weight": 0.0,
  "gauge_row_norm": null,
  "scale_range": null,
  "mse_loss_weight": 1.0,
  "diag_loss_weight": 0.0,
  "diag_loss_kernels": 8,
  "encoded_mse": [
    null,
    null,
    null,
    null,
    null,
    null,
    null,
    null,
    null,
    null,
    null
  ],
  "diag_loss": [
    null,
    null,
    null,
    null,
    null,
    null,
    null,
    null,
    null,
    null,
    null
  ],
  "best_test_mse": 0.2489495426416397,
  "elapsed_sec": 5.9397642612457275,
  "final_train_mse": 0.20738641917705536,
  "final_test_mse": 0.2489495426416397
}