{
  "step": [
    1,
    400,
    800,
    1200,
    1600,
    2000,
    2400,
    2800,
    3200,
    3600,
    4000
  ],
  "train_mse": [
    32.92253112792969,
    8.070017793215811e-05,
    1.3445690741353822e-11,
    1.1691823724457873e-11,
    1.0805210892694816e-11,
    1.0418452559002311e-11,
    1.0081960440111448e-11,
    1.0297992493468744e-11,
    1.0436254291312785e-11,
    1.0823024768069622e-11,
    1.0786482818048171e-11
  ],
  "test_mse": [
    32.970672607421875,
    8.169085049303249e-05,
    1.3573507769149007e-11,
    1.1690192217028716e-11,
    1.0810932878080326e-11,
    1.0596874940038692e-11,
    1.0250578164061608e-11,
    1.0267032016231248e-11,
    1.0345614989692997e-11,
    1.072823514053356e-11,
    1.1051329122657716e-11
  ],
  "device": "cuda",
  "lr": 0.01,
  "lr_basis": null,
  "lr_interaction": null,
  "batch": 512,
  "grad_clip": 10.0,
  "restore_best": true,
  "encoded_loss_weight": 0.0,
  "gauge_row_norm": null,
  "scale_range": null,
  "mse_loss_weight": 1.0,
  "diag_loss_weight": 0.0,
  "diag_loss_kernels": 8,
  "encoded_mse": [
    null,
    null,
    null,
    null,
    null,
    null,
    null,
    null,
    null,
    null,
    null
  ],
  "diag_loss": [
    null,
    null,
    null,
    null,
    null,
    null,
    null,
    null,
    null,
    null,
    null
  ],
  "best_test_mse": 1.0250578164061608e-11,
  "elapsed_sec": 5.107881546020508,
  "final_train_mse": 1.0081960440111448e-11,
  "final_test_mse": 1.0250578164061608e-11
}