{
  "strategy": "diag_loss_only_basis",
  "discovery_objective": "diag_loss_only",
  "use_diag_loss": true,
  "diag_loss_only": true,
  "device": "cuda",
  "batch": 512,
  "config": {
    "phase1_steps": 15000,
    "phase2_steps": 40000,
    "phase3_steps": 10000,
    "diag_loss_weight": 20.0,
    "diag_loss_kernels": 16,
    "gauge_row_norm": 1.0
  },
  "phases": {
    "basis": {
      "step": [
        1,
        5000,
        10000,
        15000
      ],
      "train_mse": [
        32.39175033569336,
        32.39394760131836,
        32.39394760131836,
        32.39394760131836
      ],
      "test_mse": [
        32.098609924316406,
        32.10332107543945,
        32.10331726074219,
        32.10332107543945
      ],
      "device": "cuda",
      "lr": 0.001,
      "lr_basis": null,
      "lr_interaction": null,
      "batch": 512,
      "grad_clip": null,
      "restore_best": false,
      "encoded_loss_weight": 0.0,
      "gauge_row_norm": 1.0,
      "scale_range": null,
      "mse_loss_weight": 0.0,
      "diag_loss_weight": 20.0,
      "diag_loss_kernels": 16,
      "encoded_mse": [
        null,
        null,
        null,
        null
      ],
      "diag_loss": [
        0.9681138396263123,
        3.957824736347537e-13,
        1.1021094081797855e-07,
        9.545492218876461e-08
      ],
      "elapsed_sec": 24.741690158843994,
      "final_train_mse": 32.39394760131836,
      "final_test_mse": 32.10332107543945
    }
  },
  "elapsed_sec": 24.741690158843994,
  "final_train_mse": 32.39394760131836,
  "final_test_mse": 32.10332107543945,
  "step": [
    1,
    5000,
    10000,
    15000
  ],
  "train_mse": [
    32.39175033569336,
    32.39394760131836,
    32.39394760131836,
    32.39394760131836
  ],
  "test_mse": [
    32.098609924316406,
    32.10332107543945,
    32.10331726074219,
    32.10332107543945
  ]
}