{
  "strategy": "diag_loss_only_basis",
  "discovery_objective": "diag_loss_only",
  "use_diag_loss": true,
  "diag_loss_only": true,
  "device": "cuda",
  "batch": 512,
  "config": {
    "phase1_steps": 15000,
    "phase2_steps": 40000,
    "phase3_steps": 10000,
    "diag_loss_weight": 20.0,
    "diag_loss_kernels": 16,
    "gauge_row_norm": 1.0
  },
  "phases": {
    "basis": {
      "step": [
        1,
        5000,
        10000,
        15000
      ],
      "train_mse": [
        32.08976364135742,
        32.09395980834961,
        32.09395980834961,
        32.09395980834961
      ],
      "test_mse": [
        32.098533630371094,
        32.09885787963867,
        32.09885787963867,
        32.098854064941406
      ],
      "device": "cuda",
      "lr": 0.001,
      "lr_basis": null,
      "lr_interaction": null,
      "batch": 512,
      "grad_clip": null,
      "restore_best": false,
      "encoded_loss_weight": 0.0,
      "gauge_row_norm": 1.0,
      "scale_range": null,
      "mse_loss_weight": 0.0,
      "diag_loss_weight": 20.0,
      "diag_loss_kernels": 16,
      "encoded_mse": [
        null,
        null,
        null,
        null
      ],
      "diag_loss": [
        0.9681140184402466,
        3.9001606306522663e-13,
        1.381255145815885e-07,
        2.105351342152062e-07
      ],
      "elapsed_sec": 24.923732042312622,
      "final_train_mse": 32.09395980834961,
      "final_test_mse": 32.098854064941406
    }
  },
  "elapsed_sec": 24.923732042312622,
  "final_train_mse": 32.09395980834961,
  "final_test_mse": 32.098854064941406,
  "step": [
    1,
    5000,
    10000,
    15000
  ],
  "train_mse": [
    32.08976364135742,
    32.09395980834961,
    32.09395980834961,
    32.09395980834961
  ],
  "test_mse": [
    32.098533630371094,
    32.09885787963867,
    32.09885787963867,
    32.098854064941406
  ]
}