{
  "strategy": "diag_loss_only_basis",
  "discovery_objective": "diag_loss_only",
  "use_diag_loss": true,
  "diag_loss_only": true,
  "device": "cuda",
  "batch": 512,
  "config": {
    "phase1_steps": 15000,
    "phase2_steps": 40000,
    "phase3_steps": 10000,
    "diag_loss_weight": 20.0,
    "diag_loss_kernels": 16,
    "gauge_row_norm": 1.0
  },
  "phases": {
    "basis": {
      "step": [
        1,
        5000,
        10000,
        15000
      ],
      "train_mse": [
        64.16260528564453,
        64.16673278808594,
        64.166748046875,
        64.166748046875
      ],
      "test_mse": [
        32.09860610961914,
        32.09720993041992,
        32.09721374511719,
        32.09721755981445
      ],
      "device": "cuda",
      "lr": 0.001,
      "lr_basis": null,
      "lr_interaction": null,
      "batch": 512,
      "grad_clip": null,
      "restore_best": false,
      "encoded_loss_weight": 0.0,
      "gauge_row_norm": 1.0,
      "scale_range": null,
      "mse_loss_weight": 0.0,
      "diag_loss_weight": 20.0,
      "diag_loss_kernels": 16,
      "encoded_mse": [
        null,
        null,
        null,
        null
      ],
      "diag_loss": [
        0.9681200981140137,
        3.8140953069476513e-13,
        4.1793342120399757e-07,
        2.0378126919240458e-07
      ],
      "elapsed_sec": 25.126830339431763,
      "final_train_mse": 64.166748046875,
      "final_test_mse": 32.09721755981445
    }
  },
  "elapsed_sec": 25.126830339431763,
  "final_train_mse": 64.166748046875,
  "final_test_mse": 32.09721755981445,
  "step": [
    1,
    5000,
    10000,
    15000
  ],
  "train_mse": [
    64.16260528564453,
    64.16673278808594,
    64.166748046875,
    64.166748046875
  ],
  "test_mse": [
    32.09860610961914,
    32.09720993041992,
    32.09721374511719,
    32.09721755981445
  ]
}