{
  "strategy": "diag_loss_only_basis",
  "discovery_objective": "diag_loss_only",
  "use_diag_loss": true,
  "diag_loss_only": true,
  "device": "cuda",
  "batch": 512,
  "config": {
    "phase1_steps": 15000,
    "phase2_steps": 40000,
    "phase3_steps": 10000,
    "diag_loss_weight": 20.0,
    "diag_loss_kernels": 16,
    "gauge_row_norm": 1.0
  },
  "phases": {
    "basis": {
      "step": [
        1,
        5000,
        10000,
        15000
      ],
      "train_mse": [
        32.11776351928711,
        32.11259841918945,
        32.11260223388672,
        32.11259841918945
      ],
      "test_mse": [
        32.098541259765625,
        32.09053421020508,
        32.09053421020508,
        32.09053421020508
      ],
      "device": "cuda",
      "lr": 0.001,
      "lr_basis": null,
      "lr_interaction": null,
      "batch": 512,
      "grad_clip": null,
      "restore_best": false,
      "encoded_loss_weight": 0.0,
      "gauge_row_norm": 1.0,
      "scale_range": null,
      "mse_loss_weight": 0.0,
      "diag_loss_weight": 20.0,
      "diag_loss_kernels": 16,
      "encoded_mse": [
        null,
        null,
        null,
        null
      ],
      "diag_loss": [
        0.9681147933006287,
        3.848643138123359e-13,
        1.9972804921053466e-07,
        4.284255510356161e-07
      ],
      "elapsed_sec": 25.607972621917725,
      "final_train_mse": 32.11259841918945,
      "final_test_mse": 32.09053421020508
    }
  },
  "elapsed_sec": 25.607972621917725,
  "final_train_mse": 32.11259841918945,
  "final_test_mse": 32.09053421020508,
  "step": [
    1,
    5000,
    10000,
    15000
  ],
  "train_mse": [
    32.11776351928711,
    32.11259841918945,
    32.11260223388672,
    32.11259841918945
  ],
  "test_mse": [
    32.098541259765625,
    32.09053421020508,
    32.09053421020508,
    32.09053421020508
  ]
}