{
  "strategy": "diag_loss_only_basis",
  "discovery_objective": "diag_loss_only",
  "use_diag_loss": true,
  "diag_loss_only": true,
  "device": "cuda",
  "batch": 512,
  "config": {
    "phase1_steps": 15000,
    "phase2_steps": 40000,
    "phase3_steps": 10000,
    "diag_loss_weight": 20.0,
    "diag_loss_kernels": 16,
    "gauge_row_norm": 1.0
  },
  "phases": {
    "basis": {
      "step": [
        1,
        5000,
        10000,
        15000
      ],
      "train_mse": [
        32.18265914916992,
        32.17823028564453,
        32.17823028564453,
        32.17823028564453
      ],
      "test_mse": [
        31.92473793029785,
        31.921649932861328,
        31.921649932861328,
        31.921648025512695
      ],
      "device": "cuda",
      "lr": 0.001,
      "lr_basis": null,
      "lr_interaction": null,
      "batch": 512,
      "grad_clip": null,
      "restore_best": false,
      "encoded_loss_weight": 0.0,
      "gauge_row_norm": 1.0,
      "scale_range": null,
      "mse_loss_weight": 0.0,
      "diag_loss_weight": 20.0,
      "diag_loss_kernels": 16,
      "encoded_mse": [
        null,
        null,
        null,
        null
      ],
      "diag_loss": [
        0.9631205797195435,
        3.8112330132122896e-13,
        8.31042257232184e-08,
        3.5411122212281043e-07
      ],
      "elapsed_sec": 24.821555852890015,
      "final_train_mse": 32.17823028564453,
      "final_test_mse": 31.921648025512695
    }
  },
  "elapsed_sec": 24.821555852890015,
  "final_train_mse": 32.17823028564453,
  "final_test_mse": 31.921648025512695,
  "step": [
    1,
    5000,
    10000,
    15000
  ],
  "train_mse": [
    32.18265914916992,
    32.17823028564453,
    32.17823028564453,
    32.17823028564453
  ],
  "test_mse": [
    31.92473793029785,
    31.921649932861328,
    31.921649932861328,
    31.921648025512695
  ]
}